BusinessAge_Years,Directors_PersonalCreditScore,AnnualTurnover_GBP,CurrentRatio,DebtToEquityRatio,Industry,HasCCJ,Default_12M
7,757,853655.3140124046,2.8192671250923986,0.5512351409031784,Professional Services,0,1
15,461,1121751.2852519026,1.4299998115153678,0.20627504660817894,Logistics & Transport,0,0
11,679,1669542.1899894378,1.196119486703318,2.1419872923636665,Construction,1,1
8,386,183990.02341062215,1.8747039511785015,0.9512135035055449,Construction,0,1
7,354,877378.9274755318,2.844046521843219,3.958783886540563,Logistics & Transport,0,1
19,775,211104.44374557392,3.3805033541862364,2.3403033479016027,Logistics & Transport,0,0
11,477,1053582.2938183476,2.790737206599718,0.6377525504884406,Professional Services,0,0
11,690,1802856.606812159,3.06562095505511,2.786173909164325,Construction,0,0
4,648,1575845.602899679,2.30919291851155,3.6011999093879288,Logistics & Transport,0,1
8,307,494292.71420906443,3.0062234925263778,3.006200031941496,Professional Services,0,1
3,612,1953182.1567176452,2.853262574010253,0.39811545805384585,Retail,0,0
2,742,1351333.2761905354,1.6309566257788402,3.5939483066513724,Construction,0,1
12,627,70334.01382493597,2.155970906362163,3.1963246048538627,Construction,0,1
6,353,548056.295136178,2.9142593659690847,0.717385210411896,Professional Services,0,1
2,538,558390.9348438373,0.6381702025698691,0.3019649660579858,Retail,0,1
1,528,185045.89725742687,2.9242378470674897,2.273511243725803,Professional Services,1,1
12,350,1921661.7102480615,1.0336643721470704,0.7085396642259099,Construction,0,1
12,563,982597.8244230513,2.0440508513643167,3.354904715121561,Construction,0,1
17,717,1796838.4648751698,2.924826318667813,1.4975051610195276,Professional Services,0,0
10,395,678320.2317170253,1.2614632344700847,3.660280534472644,Logistics & Transport,0,1
16,387,294205.4623440129,1.2374223179184591,2.3061838713499223,Construction,0,1
15,377,974955.4143171171,1.7082931953867555,0.8124222985347057,Professional Services,0,1
15,587,272215.43769291847,3.183928392732904,0.6444355827032203,Construction,0,0
19,419,997730.2308062029,0.5013283443116237,2.3482425064752404,Construction,0,1
12,790,1844579.503377845,3.204149289925805,3.071346086263531,Construction,1,1
3,751,1065497.8765767147,0.9614210739248233,3.14787202619451,Logistics & Transport,0,1
5,799,1252174.4674454129,3.4702591282024464,1.175453877320997,Construction,0,0
19,464,355444.9520989262,3.364540979115404,0.8965623597574531,Professional Services,1,0
7,481,135284.47046594048,1.98402556877385,0.1653495875202914,Logistics & Transport,0,1
9,768,266075.52625062375,2.0381607434378846,2.7488766896845607,Logistics & Transport,0,1
7,306,1217136.572584513,1.9446480208275627,0.398616207890802,Retail,0,1
18,629,235272.8130349941,2.4063309369785677,1.7409686868871106,Logistics & Transport,1,1
4,450,783186.1353855573,0.7721651067047931,2.4465604396713547,Logistics & Transport,0,1
14,384,1122679.2838934043,0.5978538450246995,3.7547248851867403,Retail,0,1
18,446,807872.9573282017,0.6731087852476966,1.3160283341274976,Professional Services,0,1
9,680,369183.4128573379,1.8330960477245433,1.0741114335414272,Construction,0,1
2,847,583893.0496525078,1.32664381765845,2.651224601715784,Professional Services,0,1
15,584,1860219.1890547252,2.3661186871129813,2.5150322250089685,Logistics & Transport,0,0
7,381,1368165.437393393,3.477326868124337,1.3952281549016858,Professional Services,0,1
12,813,1017293.2854257788,1.6589695192293976,3.7195971584881673,Construction,0,1
8,822,74794.03547444235,2.22152376231354,3.394963077209568,Professional Services,0,1
15,685,1985210.030954467,1.7468116877220066,0.9735319288738165,Construction,1,1
3,770,1359337.1230445544,3.041815003165578,1.0326559271946405,Construction,1,1
14,418,667998.8308226427,3.2067092103867143,2.0979713528596142,Construction,0,1
17,695,1764573.8869957845,3.1320668366157802,3.1169311967498095,Construction,0,0
4,831,553941.6595690453,3.423116716037773,0.2717574796150111,Professional Services,0,0
18,560,1110832.3294063655,0.5825575554212459,2.804007099565356,Construction,0,0
8,555,1290337.9892731588,3.019448486436593,2.628119999790178,Construction,0,1
4,525,481073.5743347705,2.75531651911728,1.0027723740606542,Construction,0,1
2,352,1957874.693661162,1.1860832282010945,2.7572767516412604,Construction,1,1
6,799,1508974.2166590453,3.3689602801625824,3.7667144458831223,Professional Services,0,1
10,805,1137735.7897465865,0.9445337846898364,0.2824647953898972,Professional Services,0,0
4,663,402159.46644183673,2.538649781401725,1.3466430156390439,Construction,0,0
18,579,155023.50364615093,1.1746706504477373,1.8088891949987855,Retail,0,0
12,457,674116.6734159178,1.794141946322224,3.6071153998062893,Professional Services,0,1
2,358,1518715.3050311354,2.657479690833707,3.852819641775711,Construction,0,1
10,427,575196.0316889489,2.1899739260991398,1.832049461335696,Construction,0,1
4,414,1102134.629966235,1.7825054939843352,3.0251108073545456,Retail,1,1
14,508,1469496.994624949,1.4790152927959617,2.173477992681484,Construction,0,1
16,825,260490.24356060548,3.0189789671263707,2.1973534454913684,Professional Services,1,1
15,820,1386331.131425953,0.9314430509444411,1.1845881087587902,Construction,0,0
8,536,229148.23103458717,1.7903086295894002,0.9461293588691301,Construction,0,1
14,580,1932002.9971476432,3.2112727153254266,1.2232208491037606,Logistics & Transport,0,0
8,658,1002368.5536266322,3.037548651379903,2.2696792283026093,Construction,0,1
16,500,343818.4100342609,1.70282528741914,0.2137052254861471,Retail,0,1
13,577,717648.0902654156,2.789325090803925,3.638270882989983,Construction,0,0
18,534,856162.0761257599,2.969482492126578,0.7095064672441272,Construction,0,0
15,793,1528460.7715992478,3.166662272010889,0.9583458397984075,Retail,0,0
13,303,1499676.382849388,2.133517307147684,2.121277088145821,Construction,0,1
9,741,1243283.9854077955,1.1133826581641353,2.8694475887153894,Construction,0,1
15,328,256564.88948906126,1.265927229511795,0.4733433135031495,Professional Services,0,0
13,408,345560.2745959635,1.3870840221248126,1.3390093204339326,Professional Services,0,1
1,374,232825.99525883544,2.2814074424288466,3.877830961739993,Logistics & Transport,0,1
7,445,1175486.9274107227,0.5984288723858253,1.1231375704456883,Construction,1,1
9,427,1760419.9609472377,2.4081274063399047,1.3208955657462729,Construction,0,1
1,341,895910.998896805,1.5930627152846961,3.3623441134103307,Logistics & Transport,0,1
12,655,363653.9392176051,1.3857254074689265,0.2958362835927755,Construction,0,0
8,340,1138182.5340404857,3.138489712184379,1.9119913583549863,Construction,0,1
11,333,1632916.8228881343,1.8800071867423966,1.580505381361514,Logistics & Transport,0,1
19,316,1496338.5199502136,0.7851591365980783,1.3346883636437394,Construction,1,1
17,452,1768829.0203662917,2.980240304078741,1.2142284167745818,Logistics & Transport,1,1
8,677,591909.0896352923,0.6429237723095198,0.4563590089555959,Construction,0,1
3,641,428210.041172161,2.68024767250459,1.3278207344714306,Professional Services,0,0
3,326,1765642.1475867806,2.8217186653119954,0.2679043705911074,Professional Services,0,1
1,586,1332242.609917145,1.5578078177865744,3.1457590682132976,Logistics & Transport,0,1
5,467,656311.4135147306,2.9743635688333603,1.6530883964362455,Logistics & Transport,0,1
10,567,1497578.698616393,2.04697821756936,1.8312249460476553,Logistics & Transport,0,0
7,754,1639480.8497367173,1.8898809598183903,3.5850188871555133,Construction,0,1
9,700,1249207.568665208,0.6362098444060776,2.666414437058761,Logistics & Transport,0,1
7,775,1391374.0142658344,1.3700875809467177,0.13143050303426718,Construction,0,0
9,429,781756.8136631993,3.2930299126558995,3.7783818095490114,Logistics & Transport,0,1
8,662,1100456.5513189263,1.6754718898504999,1.0248634173130737,Professional Services,1,1
12,591,1072110.3829160165,2.140101561670305,0.5196953205634495,Logistics & Transport,0,0
2,670,1703693.1927050052,2.0960650369527554,3.0956998956854407,Logistics & Transport,1,1
1,328,1687929.761550256,2.27129326946808,2.051861531880201,Professional Services,0,1
16,448,1673726.9152267342,0.6839928669298478,1.7917052074702686,Logistics & Transport,0,1
5,595,71511.6478118083,1.586528764396185,1.073062010762693,Logistics & Transport,1,1
3,310,1511613.694714332,2.6693848216476628,2.2351388104630425,Construction,0,1
12,811,1529418.9607164594,1.1016807532189488,1.1700999602900912,Construction,0,0
8,412,1372838.7045675267,1.1107351326390813,3.6161737206195634,Professional Services,0,0
3,486,1524716.0828883324,0.5302718200670742,0.9392974709594518,Logistics & Transport,0,1
1,526,1691842.224418582,1.8124457798246292,3.5489850867774386,Construction,0,1
3,609,967122.155498482,3.1482031420202663,2.281681160336692,Logistics & Transport,1,1
5,397,1028997.9163024719,0.655702830761927,3.33110372219144,Logistics & Transport,1,1
15,354,293192.41097721143,1.0733561284880078,2.8800993838577247,Professional Services,1,1
14,705,801482.9719423555,1.4302536150282652,2.8171109346033196,Professional Services,0,0
3,368,1304562.1008279794,2.6951742096926385,1.3649486500107173,Logistics & Transport,0,1
1,611,1571779.5634871854,2.4219067784077595,1.0121980327415936,Construction,0,0
5,588,473557.7404978606,1.747831713745565,0.9224562879550736,Logistics & Transport,1,1
14,847,318754.653360509,2.7772068177751272,3.443047462532396,Professional Services,0,0
7,447,1342931.9087759599,2.3288930349707058,3.2996645990101783,Logistics & Transport,0,1
9,766,53665.77287357575,3.1881223989716574,1.8182367592479987,Logistics & Transport,0,1
15,543,397826.5393992932,2.954080247416079,0.6163779926361729,Construction,0,0
15,790,106689.19167070978,1.2584408182676017,1.5907837827120876,Construction,0,0
10,806,375425.9798169983,1.3143157329026005,2.5154394711339543,Construction,1,1
13,664,403572.5958547352,0.8760694273771569,1.872172302471816,Logistics & Transport,1,1
19,781,805963.5097632686,1.5108941771523696,3.1427381470836804,Logistics & Transport,0,0
7,500,834537.8931387841,3.498631756157283,3.9907290067804033,Construction,0,1
17,453,1754811.8176899636,1.717253505845183,0.8454151449506977,Logistics & Transport,1,1
4,749,1044713.9393727091,1.161465304067319,1.8926381966723325,Professional Services,0,1
5,800,1460639.2929439582,2.787448653426659,1.780837217491206,Logistics & Transport,0,1
7,372,253067.84794456052,2.1274130103879685,1.2875208777209084,Construction,0,1
13,595,489605.573154203,0.9488043485808576,0.8725725152091293,Construction,0,0
15,316,1420739.7099084198,1.6420690434825973,0.3561992543096709,Logistics & Transport,0,1
11,516,152967.72291362978,1.74340914661803,3.559765337172424,Construction,0,1
4,360,998865.4413753186,2.7614891017076557,1.7374099209766387,Professional Services,0,1
13,341,1218769.483042721,0.5620141066757134,2.0378925221501905,Logistics & Transport,0,1
7,324,1224184.005902338,1.3070589403949313,3.676073987983572,Retail,1,1
19,338,94718.98197268197,2.052788903946566,3.1275328623121963,Construction,0,0
2,430,678110.6082469118,1.30654022735853,0.6089549300570184,Logistics & Transport,0,1
10,797,1291156.7695458503,2.3853021422569967,2.3051378736701955,Construction,0,1
13,528,340549.48549102474,1.9456024378238497,1.8247838784262806,Logistics & Transport,0,1
6,407,1406060.5142397038,1.585130764578742,3.2091231830571747,Professional Services,0,1
12,471,1504554.1571866653,3.3476258806115364,2.924506935686602,Professional Services,1,1
12,734,1964839.9213699833,2.3964784975593725,2.792582315453181,Professional Services,0,0
11,777,459191.8899699984,0.8898241168038237,1.428124858371598,Retail,0,1
7,401,1659004.8019489245,2.1802750923301866,3.2393585485570924,Professional Services,0,0
1,823,1064578.3249913754,2.842195559602703,0.3043260528199587,Construction,0,1
1,574,778252.0624811382,2.625469092478392,0.7225371155854522,Logistics & Transport,0,1
13,343,288634.676784097,1.0162676878857781,1.4089307646138558,Construction,1,1
9,316,1484235.9326506983,3.41725999712031,0.399549020170197,Logistics & Transport,1,1
3,629,509922.31833018985,1.846440937239818,1.0164776823852972,Professional Services,0,1
7,796,774272.9036524392,0.9770750112207839,3.3375888336918806,Construction,1,1
6,311,171957.34244986845,1.0405872623844439,3.7981809973813094,Logistics & Transport,0,1
8,617,1612665.4858480622,0.7947049765672415,1.287949187519343,Logistics & Transport,0,1
9,515,1544847.6217447044,2.910554325304803,1.1316116355564692,Logistics & Transport,0,0
5,638,1480550.8685825092,0.866091482965546,1.191581343761065,Construction,0,1
1,380,633914.845459179,0.8753757714252408,1.183104440668291,Construction,0,1
19,784,388286.1448186166,3.051414844282513,0.24012771052529466,Construction,1,1
10,673,1293228.865716948,1.533812253342679,3.7149737506913216,Construction,0,1
12,499,1017524.449020778,0.5925737129242173,0.9334227521242807,Construction,0,0
15,836,397592.3104640511,0.6556858985552326,1.7380158889174793,Logistics & Transport,0,0
9,765,1387526.9785472343,0.9265113401116867,0.1377788426897742,Logistics & Transport,0,1
17,388,1982696.542051542,1.1401800439270686,3.446024854568723,Construction,0,1
17,567,1507078.1960969735,2.495438582715216,2.9515136433741773,Construction,0,1
12,788,1492973.454036943,0.9719788400054847,3.7923485371774426,Logistics & Transport,0,0
7,837,1903109.8682146538,0.856623173531216,3.1483003688659563,Logistics & Transport,0,0
2,346,445725.9167710593,2.7941574244288376,1.3234553970030545,Logistics & Transport,0,1
3,587,1152822.4315968088,2.5131658515797435,1.0667060990408521,Construction,0,1
17,315,1960311.0943160728,1.8059726643657086,2.8210935994578423,Logistics & Transport,0,1
5,700,372323.51639184036,2.147929314440312,1.520039822540948,Construction,0,1
17,385,1415491.320916816,1.4359520609792553,2.308238561435205,Professional Services,0,0
17,549,1192329.7846452089,1.947501260706082,0.1244041370032339,Logistics & Transport,0,0
17,690,1193634.2297679787,2.0200179469482373,0.34135423655385344,Retail,0,0
2,634,1410457.7236641466,1.6617118135342879,2.1879349706084397,Construction,1,1
2,818,1862752.9996075842,3.219716632016488,2.307679421147844,Construction,0,1
5,436,1576034.782710109,0.5481855949430184,3.0306664833914403,Construction,1,1
1,797,159465.4016616095,2.8465137892737387,0.6146647465334507,Construction,0,0
1,776,1712819.638757637,0.873148493723973,2.101414026651437,Construction,0,1
19,522,489805.5933551786,2.8926420816115983,0.8583458132835855,Construction,0,0
2,671,784982.6212359254,2.3477357470301636,0.46346486629450934,Logistics & Transport,1,1
12,701,950378.9865441453,3.0298342728092074,1.700933596836163,Logistics & Transport,0,0
6,742,987766.7014684859,0.7925429769226924,0.7370129275473232,Logistics & Transport,0,0
4,789,898601.7785479458,2.176941902299322,0.9649497149500424,Logistics & Transport,1,1
11,572,1877838.9237209356,2.0032636407865914,1.338462861491057,Logistics & Transport,0,1
17,825,1426737.064944848,2.618579548890076,1.1116147628984654,Logistics & Transport,0,0
6,458,1280782.7596155773,2.102871655681027,0.4416060598831909,Professional Services,0,1
5,451,147191.95417673604,2.1222037013993127,0.4506733549528389,Professional Services,0,0
2,487,1812630.9940077306,1.788787830728194,0.8536727194132558,Retail,0,1
6,397,1823310.8744163725,1.4265032720220225,0.2971808330422019,Construction,0,1
11,430,1571415.4736886995,1.9467930837565766,2.543182376740016,Professional Services,0,1
16,470,63706.947436557355,0.8554770763052018,1.2205741943847177,Professional Services,0,0
16,482,161696.48960136552,3.3845400169492543,1.191009274299377,Construction,1,1
1,663,489186.219423555,2.6432322908797947,1.3947933475272842,Logistics & Transport,1,1
9,338,306131.34588256804,3.3574013500635402,2.6849054694179144,Retail,0,1
6,826,827730.2579222724,1.1801821469898899,3.495472137785613,Construction,0,1
16,796,1849114.96327119,3.138023060529584,3.06043903696699,Construction,0,0
3,815,970517.8466841467,2.9263699536906156,2.9373639978778705,Logistics & Transport,0,1
4,648,76135.12154272295,2.531457237373021,1.9891256238433122,Logistics & Transport,0,1
19,696,601354.0946785859,2.3750875582556175,2.805841672172906,Professional Services,0,0
3,460,136960.071327275,1.44964899580361,2.2557732353309743,Construction,0,1
19,315,120760.86409632921,2.9492323548950923,0.9433770599274627,Logistics & Transport,0,0
7,792,587653.7135363269,2.0045463844392013,0.9134946341900978,Logistics & Transport,0,0
9,725,587444.0604239436,0.7126747276738561,1.2559288268136055,Construction,1,1
1,407,1584896.875073128,1.43858948256539,3.652130416782272,Construction,0,1
8,749,1950927.5729231683,3.3058912956359827,2.234917877480931,Logistics & Transport,0,1
7,610,773853.8330854967,3.0520407818145388,2.962230970307291,Professional Services,0,1
18,469,886329.4137790253,3.4457170942296176,1.4515791632845356,Logistics & Transport,0,1
8,845,1697339.4007577419,2.383980147812294,1.6900915055943786,Logistics & Transport,0,0
1,713,572871.0891862512,1.2425302194212358,0.5897057566852804,Construction,0,1
11,550,354944.5185867235,0.9884451490305913,0.7680503355045144,Logistics & Transport,0,1
18,440,1713524.7656371184,1.060743321825385,3.326690563821968,Professional Services,0,1
10,573,140676.14355812772,0.5593869750417632,2.38087066358664,Professional Services,0,1
3,715,1258413.9083888605,1.6720463329578177,1.4163766169468939,Professional Services,0,1
7,338,1145886.0525602733,1.0742830414986275,3.231119715082629,Logistics & Transport,1,1
16,328,724544.8726283038,1.7349663813701073,1.0614276319881337,Logistics & Transport,0,0
16,776,664619.5661398501,3.3049832955162963,3.906527524540795,Logistics & Transport,0,0
17,617,1555122.5660541616,1.79162062852157,1.444788670210062,Construction,1,1
2,544,218527.99098696565,3.1339534909545046,1.4155127211897875,Professional Services,0,1
1,571,511729.4031572015,2.3165142998476296,1.3164564315931504,Professional Services,0,1
16,739,1478275.0270842751,1.2413946639841758,0.5762349121047229,Professional Services,0,0
12,538,1119225.1382665273,1.5675642777776342,0.5334348745948484,Retail,0,1
5,676,299577.00664049346,0.7517586074642882,2.6276096346830813,Professional Services,0,1
5,565,1770164.447850017,1.5003877807880315,3.5129603737763833,Logistics & Transport,0,1
9,658,817223.3007990036,2.532622836510602,3.1830299900595267,Logistics & Transport,1,1
9,639,1664343.331878237,0.7163332787883055,0.6503196166832692,Construction,1,1
3,688,1586040.3802790318,1.116204225434088,2.227770274989059,Logistics & Transport,0,1
19,302,1267629.6206198698,1.6443231242399343,0.511807029308896,Logistics & Transport,0,0
16,728,1014238.2060254313,3.446148611047888,0.276649110091002,Construction,0,0
16,441,1960124.138744426,2.8545854688766408,2.6599048516005923,Professional Services,0,0
3,675,332681.8911406432,2.7004602394763118,2.1870941013533662,Logistics & Transport,0,1
1,623,1464053.6687246738,0.8485728695763379,0.4198923723247363,Professional Services,0,1
11,445,422821.86785633856,2.842987680844974,0.23626306098335492,Professional Services,1,1
17,592,709613.0553980793,2.8558064345480454,3.960050012296405,Construction,1,1
8,731,651962.5495777307,2.3033080868729847,0.21708319538138032,Logistics & Transport,0,0
4,698,1896720.1760905099,3.4710853459951156,1.8336601868956226,Logistics & Transport,0,1
6,643,1936344.5466871366,1.475761717773656,2.068014195970013,Professional Services,0,1
8,439,406880.11625771795,3.323817344725555,0.5573925764217357,Professional Services,0,0
3,486,92968.56258013316,3.244193344869511,0.7593409359148934,Professional Services,0,1
16,360,1454015.6773430705,0.5344419792481335,1.4720395250003748,Construction,0,1
3,679,865080.3710474444,1.8503495794244331,3.070535917233284,Logistics & Transport,0,1
18,739,223238.47792075056,3.43131269915472,2.07762145383504,Logistics & Transport,0,0
14,618,1383320.5058752329,0.8093640872242274,2.58781731075655,Professional Services,0,1
18,601,1112955.7801083643,2.1433540831499585,3.9421807648536316,Logistics & Transport,0,0
2,643,1962007.8029021567,3.436872521123312,3.095221197721518,Logistics & Transport,0,1
3,310,493448.5169296889,2.1664862723175804,1.7940098427507492,Construction,0,1
16,361,837756.8588367691,1.0694459089164678,1.84112349500654,Logistics & Transport,0,1
9,525,1107964.3166210747,2.246549690277769,2.5132111004599196,Logistics & Transport,1,1
4,452,1593814.9774840358,1.1133217218486404,2.694924312833727,Construction,0,1
1,609,1120235.3806041144,2.0591127886834526,2.052772610763018,Logistics & Transport,0,1
4,542,1245155.3136808008,0.722126653737044,2.614958768978422,Logistics & Transport,0,1
1,792,490986.7506003845,2.316448007643214,0.1917767282149852,Professional Services,0,1
14,665,1701491.5197726917,2.0503698173844747,1.7755291691976922,Professional Services,0,0
16,629,885829.5665924277,2.720484106284389,1.1878584966865595,Logistics & Transport,0,0
8,406,324871.27366745006,2.392101413476355,0.6037803364481305,Professional Services,0,0
7,525,1345166.433285564,2.14881880559227,0.48823139995422304,Logistics & Transport,0,1
3,517,471376.3837113496,2.5693365477443635,2.4524494458972033,Construction,0,1
17,805,240246.89496663449,0.9318257407166926,2.1420421338951856,Professional Services,0,0
1,558,1730874.471388331,2.286078983775812,1.0889780562858398,Professional Services,0,0
16,816,947316.4157524573,1.016331808468333,1.9367052292128066,Professional Services,0,0
12,353,1511103.2397567641,3.2765666235556425,2.019706029211392,Logistics & Transport,0,0
19,346,616645.7416223924,0.7050023145368126,0.8605350237106016,Logistics & Transport,0,0
14,820,1584591.7630894494,1.7911242490723798,2.643162941338437,Professional Services,0,0
6,398,268275.0576919841,2.5873924329663347,3.145585489905753,Logistics & Transport,1,1
6,319,744148.0788999628,1.8740666350047763,3.186707809469124,Logistics & Transport,0,1
13,789,1957220.5450483807,0.7762857596987071,2.449632339743475,Professional Services,1,1
19,718,1598279.9469176119,2.160137048380122,2.095390471824155,Professional Services,1,0
8,361,1019649.064113642,2.4248957264820636,0.33792785772104006,Professional Services,0,0
2,444,712566.0695456759,2.611376932971523,1.2225420655212629,Logistics & Transport,0,1
1,515,1750664.6150438292,1.6197794433882766,0.46375864243486264,Professional Services,0,1
15,302,1112453.1302148055,2.1909799130862866,3.858910327426047,Logistics & Transport,1,1
1,459,1528928.7848447666,1.8520594248167392,0.6268125702804667,Logistics & Transport,0,1
5,419,1520509.97661652,2.51616811625676,0.6919240984192979,Construction,0,1
16,388,84994.07320855907,2.2506709019744555,3.5693488114889194,Logistics & Transport,0,1
19,628,296194.8764455962,2.0772686586774047,3.7813203055581854,Logistics & Transport,0,0
4,656,1336277.2644697474,1.2485731005147458,3.0867332530161486,Construction,0,1
3,566,365158.6320074493,0.5060555532447018,0.1210792023234125,Logistics & Transport,0,1
17,622,548212.0220784291,1.022245025934288,0.10525045673059844,Logistics & Transport,0,0
17,840,1895944.010689234,0.851198124272506,1.5745930021710581,Logistics & Transport,1,0
12,494,1142355.4038310782,1.8472542350328403,0.6592419430424808,Construction,0,1
14,631,1513922.538648727,2.336774452285534,0.17170595439122943,Construction,0,0
6,469,1138062.4406261477,1.1392550260544245,1.9098600886775683,Professional Services,0,1
3,820,1127401.548826314,3.3171712879015613,3.777941399887189,Professional Services,0,1
9,762,233596.2247451109,0.5200463876716633,1.3628963421194826,Construction,0,1
5,339,720143.2255877509,2.8169030454960287,2.6784486458719163,Professional Services,0,1
17,836,600740.2524386978,2.375614308591327,2.643717877216519,Logistics & Transport,0,0
14,560,811920.3129465458,1.6206644031430457,1.0792124042941542,Logistics & Transport,0,0
3,694,1606771.1670374402,0.6514668332372238,2.636658470413071,Professional Services,0,1
1,525,775268.7024378865,2.382459715352838,0.9281024997188759,Logistics & Transport,0,1
1,423,930808.7975017813,1.6568405385969442,0.5758289129498673,Retail,0,1
3,337,824893.7114463672,3.3088014182396575,2.8353948136827913,Construction,0,1
18,627,232145.5453518264,2.125970224669298,0.5424191867052752,Professional Services,0,0
10,550,910090.7085890282,3.3189545338805244,3.9879459524984857,Construction,0,1
3,475,431438.0824368043,1.1614510804199123,0.8154643644858943,Construction,0,1
8,753,414110.4267574309,2.6771777310923097,2.4171532647501843,Logistics & Transport,0,1
14,336,233370.40364681938,2.351747062546177,1.7043608285090985,Professional Services,1,1
18,615,745508.3995764413,2.7182246894939355,0.5929070473821018,Construction,1,1
15,413,1527089.6753393637,1.1440035919176104,0.20859123955191225,Retail,0,1
2,339,589061.2966376223,2.4949835487133214,2.52865590094205,Logistics & Transport,0,1
10,600,659080.7486767515,1.994121179170607,3.246354498777592,Logistics & Transport,0,1
2,523,1303215.582461226,2.728474924718949,3.3838610798763016,Logistics & Transport,0,1
17,617,431889.58454449184,1.4811339324554533,1.9825825450000445,Construction,0,1
8,648,1799067.964325892,3.1701710763957576,3.132076322011304,Professional Services,0,1
1,414,1064371.5203405311,0.7529039438340511,2.7241038206053245,Logistics & Transport,0,1
9,622,922825.733624423,2.921567956373564,2.9245926572466194,Construction,0,1
11,339,1137749.3742619427,3.0839588774452724,2.021136120365075,Logistics & Transport,0,1
16,339,373766.9111615811,2.9517569341004637,2.570305786944296,Construction,0,1
7,588,1246272.6203463937,2.038179182785328,3.241551062946622,Professional Services,0,1
10,561,758046.4364363203,1.815154940092284,1.6517482846723899,Logistics & Transport,0,0
3,515,1799513.3648810068,3.4887868595746303,3.2433177133835764,Construction,0,1
18,446,379265.703021488,1.1875158536424864,2.4088656868773453,Retail,0,1
13,635,1038749.65253761,2.140627897628134,0.7470139950460664,Professional Services,0,0
7,467,1216319.6272695852,2.512026576146977,0.19626821317588,Construction,0,1
4,391,115098.0234834434,2.602602907584296,1.514739041556693,Construction,0,1
13,652,759201.5932744734,1.112073997215736,2.2321156803557254,Logistics & Transport,0,0
1,662,1478638.7076666239,2.4619822770194038,3.3752993735936045,Construction,0,1
8,644,1649736.139525498,2.955108699444012,0.5971941525469602,Professional Services,1,1
14,469,660665.8898937006,0.6500557304633366,3.2208047559659585,Construction,0,1
16,655,1607256.8811463648,3.2345638799759495,3.465735279662185,Logistics & Transport,0,0
14,490,1937123.9603516082,0.5885121654356178,0.6876811993032518,Logistics & Transport,0,1
12,721,1720904.1753464334,1.567913097465183,3.421217845286454,Logistics & Transport,0,0
19,306,279405.77691068413,0.5474395886988862,3.9666689145868888,Logistics & Transport,0,1
15,432,1492474.1475668042,0.7314355056187456,2.9346714410881263,Logistics & Transport,0,1
2,330,673350.3232590623,3.2335048555402373,3.160601759117453,Construction,0,1
2,834,1977411.1793535491,1.5645824922384435,3.9782195434796064,Logistics & Transport,0,1
19,725,996450.0171617799,1.7743145912751586,2.461376877051187,Logistics & Transport,0,0
17,693,288746.101799935,1.146033144147658,1.3007568898633728,Construction,1,1
10,662,1464111.818653412,2.2912873105601594,3.3663702528966173,Logistics & Transport,0,1
6,736,679871.836853117,2.284409644033369,2.496494532295362,Logistics & Transport,0,1
15,381,1994302.4063092403,1.6166011754756577,2.3666621525117306,Logistics & Transport,0,0
11,655,1960575.7928163176,1.499104615416195,1.0891786665047491,Logistics & Transport,0,0
5,557,1329461.3351401323,3.1548929245417634,3.049703651373258,Construction,0,1
1,823,303161.5754558493,1.6498527189266041,0.41850237585437544,Logistics & Transport,0,1
8,594,1389378.9454663068,1.9805029764632247,3.704719576099179,Professional Services,1,1
12,523,231409.44859705307,1.349914287274792,1.3707114970048906,Retail,0,0
12,824,107260.11024966501,2.8603085100713823,0.5983211458809627,Professional Services,0,0
5,345,1654768.9701318978,1.6923444706972748,1.8252294790994334,Construction,0,1
7,412,459018.24798317865,2.0408331396329737,0.2656326461004793,Professional Services,0,1
4,532,789102.8961272399,1.2600715101789843,2.7700421576333687,Construction,0,1
6,316,1948241.9104535377,3.4629787770237552,3.620551490736889,Logistics & Transport,0,1
13,659,706838.9786291514,1.3744872227711686,3.365325727840184,Logistics & Transport,0,1
15,522,628155.0735024648,2.812227592716655,0.5967409464467361,Professional Services,0,0
3,747,1840505.5992644117,1.7824869510702777,0.5924574347201542,Logistics & Transport,0,1
8,664,265959.4683719683,1.1186522152524196,3.2723944810646297,Logistics & Transport,1,1
16,625,1531185.699723532,2.8991562918945837,3.7045916709521522,Professional Services,0,0
13,766,1976727.8549729092,1.5008203670871296,1.8966123363506078,Professional Services,0,0
18,713,1807527.2210105653,3.095580042193433,2.045987355963687,Logistics & Transport,0,0
10,754,1320752.4414775306,3.2457715547534693,1.341221961404331,Construction,0,1
19,532,662418.5502358273,3.079471506173828,3.5876339612000145,Logistics & Transport,0,0
17,523,545927.8632977176,0.605023744420417,2.6151213306401884,Professional Services,0,1
19,711,1647547.4544993492,2.862120035015317,1.2241811509527372,Logistics & Transport,1,0
5,634,1765652.7322058058,1.7340183994974316,1.2652531971115812,Logistics & Transport,0,1
9,521,1074598.0794641012,3.1211687605466754,3.5756802849480493,Professional Services,0,1
12,336,526462.884533609,2.4138627880542165,0.15317269323270372,Construction,0,0
1,577,270239.25640178844,3.000929402431875,1.3586336336338898,Construction,0,1
1,495,219999.96227207078,1.998295309600506,2.2619910567438395,Construction,0,1
15,783,1452201.0223400183,2.1050765137967984,0.678048102187366,Logistics & Transport,0,0
2,541,869231.5193030637,0.9331628964010017,0.45918514137840016,Construction,0,1
16,623,1815451.754841847,2.8519620760680664,3.2795776912531838,Logistics & Transport,0,1
8,491,1492359.0364171893,1.758168835000915,3.588177115729178,Logistics & Transport,1,1
13,316,422957.8149334441,2.000240354814748,3.312065041112939,Logistics & Transport,0,1
1,823,1246865.9666906132,2.855293142287123,3.605272769975656,Construction,0,1
16,700,899235.6360764108,2.296536200238317,2.257136687127649,Retail,1,1
7,321,1175636.9749987954,1.1032961823280023,3.2678066718623335,Retail,0,1
5,773,1489234.7905101085,2.270697977452678,1.5977662897252918,Construction,0,0
3,419,1622081.967957392,1.7228985739389673,2.69844465976825,Logistics & Transport,1,1
12,509,1695287.7864931123,1.908576626131588,3.9564585724177412,Construction,0,1
16,605,545251.0054154482,0.5849338232080034,0.9803381229725969,Professional Services,0,0
19,569,110675.41983884748,1.1300880485488447,1.6206090105352144,Logistics & Transport,0,0
5,584,1491624.7335713077,1.3431142441430848,1.972184771509334,Retail,0,1
14,526,257370.26619876045,2.638880023576417,0.6382603993782017,Logistics & Transport,0,0
5,680,664093.1977952869,0.5344774198943459,0.4160505808137215,Retail,0,0
15,759,57443.411542476926,1.7263317836873961,3.335919178654335,Professional Services,0,0
17,306,1379255.490683159,3.2720806112771985,3.909498054027586,Professional Services,0,0
14,328,375907.42236888147,0.8356418496473715,1.678427748935669,Logistics & Transport,0,1
5,332,1327800.6988987334,2.0492731646558333,0.44183436115914776,Logistics & Transport,0,1
12,378,1983898.1034772857,2.859567147172541,0.3566658666932483,Logistics & Transport,1,1
16,758,191708.19963953175,3.32759392256035,3.576141004805165,Logistics & Transport,0,0
16,837,200302.12330534836,2.740329918601154,1.9088755739379517,Logistics & Transport,1,1
7,781,713741.1807000161,2.6616966459332185,1.3481065345933285,Construction,0,1
4,729,1739453.702790117,2.9794642705872874,1.9581989578336583,Construction,0,0
1,584,470283.2441430971,1.838603662932631,1.3413859693001546,Construction,0,1
5,815,752736.7488641777,2.9175335978534993,2.007239523699718,Construction,0,1
10,398,183585.54292261016,0.5238932142363534,3.452269947979954,Logistics & Transport,0,1
5,696,1538152.8179548343,3.2736831661304144,2.409975347142173,Retail,0,1
4,788,846197.3683809297,1.829919528551526,2.809149713959684,Logistics & Transport,0,1
2,338,1530535.0294686435,2.160140563597243,1.5222156373139126,Construction,0,1
10,570,1812035.2964762505,1.264646746744647,2.980172926191023,Construction,0,1
19,456,503888.1368475131,2.7275924985212643,2.699806631029552,Professional Services,0,0
1,374,1624422.2591629052,0.7299074194257464,0.5662917912330201,Logistics & Transport,0,1
5,429,165233.08565259387,3.117907407640506,2.33330712715078,Construction,0,1
13,383,1802752.4069514824,2.9843504870190283,1.1012996356080562,Construction,0,0
4,321,1318998.6677395573,1.1481803487342992,3.235973111571012,Logistics & Transport,0,1
16,758,1754742.1120697856,2.927973194855787,1.761157063021064,Construction,0,0
16,838,50367.3791353347,2.8590731991844445,3.9792682442663,Retail,1,1
2,681,379708.0871941854,2.396649793261847,0.46075170796195875,Retail,0,1
17,739,810030.8054816596,1.6205605306990627,3.1433566646866185,Logistics & Transport,0,1
12,320,790030.6615807012,1.3144962625456036,2.72743676081441,Logistics & Transport,0,1
18,602,492124.2467008458,1.1953507708680502,3.093245439303751,Logistics & Transport,1,1
3,383,794143.2827410402,1.4558268882908214,1.2993662024127797,Logistics & Transport,0,1
1,752,301254.9884004969,3.2106753302975912,2.0190125085913624,Logistics & Transport,1,1
1,686,854884.2020687507,0.7329223279663438,3.206383226922463,Logistics & Transport,0,1
19,806,1614590.9418605652,2.986613828758876,1.0069111933213346,Retail,0,0
11,556,984186.6230515349,1.5466702251254707,0.9815294674757431,Retail,1,1
5,826,85100.17344316922,2.0647981880340747,2.249098717850236,Logistics & Transport,0,1
12,461,871815.8810795324,2.883456900945472,2.1418979601664376,Logistics & Transport,0,0
3,462,102991.28137714611,3.153129641068914,1.2008236346104382,Construction,0,1
1,823,1934174.6508782564,1.534344260217941,1.2624950370468089,Logistics & Transport,1,1
1,570,298535.2208745945,1.8855304438253309,1.1835961365056056,Construction,0,1
8,791,1429992.2363447065,1.7435481944503768,3.1088970417941018,Construction,0,1
10,507,1946913.8296395673,0.5397531005117316,2.6424133756935966,Professional Services,0,1
11,838,1660776.1507498152,1.3878286665759698,3.3464270152999855,Professional Services,0,0
12,359,1413664.981496097,1.8775677011976855,3.904344810424685,Construction,1,1
13,729,1686948.7735264956,1.7332808266413193,1.9492407554607472,Construction,0,0
12,608,1964507.4518582239,2.6657876825470384,0.36010613748125053,Logistics & Transport,0,0
14,819,1261621.7696443826,1.6544108516633096,0.2875600106069382,Construction,1,1
2,326,1140410.3733171867,1.9681293469120107,1.2530936531593146,Construction,0,1
19,498,1275064.3154033986,1.78882577639709,3.7369238984745583,Logistics & Transport,0,0
18,686,1088717.9791850322,2.7218784466831116,2.140530914386412,Logistics & Transport,0,0
3,648,1288423.7565239517,3.0889171969608875,1.1599674127125037,Logistics & Transport,0,0
17,835,927192.3055464906,2.0956672370225427,1.6567504985929764,Retail,0,0
8,677,475964.20662244887,2.8682965825855735,2.434520918878216,Logistics & Transport,0,1
10,826,284482.0916977675,1.3903600460595518,2.6465036667375847,Logistics & Transport,0,0
2,452,183264.82428790777,2.124108830471806,0.7002860881533296,Logistics & Transport,0,1
19,505,563465.7783187402,1.5356898610099172,3.9104235385261865,Construction,0,1
9,754,139940.95045468098,1.7426027767154908,2.2246116852328766,Logistics & Transport,0,0
7,572,1155983.0208428018,2.6972415944380055,0.6291844393898892,Retail,0,0
4,535,603465.4716958646,3.144987446998138,3.585177488049921,Professional Services,0,1
18,820,1657842.8757697127,0.8644861732632962,0.3910898812097723,Construction,1,1
13,800,194769.70232735356,2.4039177694621414,3.6401681893922997,Construction,0,1
11,416,491385.4139658976,2.2464314227333952,3.9866060595270314,Logistics & Transport,0,1
4,685,1473979.9868257844,0.8552451175277956,2.831684016710365,Logistics & Transport,0,1
4,643,1217676.1779478083,1.1356829913203272,3.10474416218856,Professional Services,0,1
10,694,175757.9789358767,1.4330074841980407,1.415481062223197,Logistics & Transport,0,0
5,363,1760616.9414662907,1.0007932124525043,3.7721497256623415,Logistics & Transport,0,1
9,371,1760660.4375110501,1.2311884475730253,2.1658844678226337,Construction,0,1
3,573,694295.607557759,1.3028023965851225,2.956314941730464,Logistics & Transport,1,1
17,619,713791.3945316512,1.5070214991171789,3.70402009205399,Retail,0,0
3,637,1978605.298782839,2.748171358403477,3.9032019063044823,Logistics & Transport,0,1
16,665,1271043.5346066195,2.2157366115518022,3.34949699072703,Professional Services,0,0
4,794,1086067.2151077152,3.4587400158542043,1.281768277229917,Construction,0,1
18,465,1684396.7579262527,1.744207480902413,3.8695353145531213,Professional Services,0,0
17,843,606316.159796767,2.761595221510775,2.54966617184993,Logistics & Transport,0,0
7,310,886906.057122896,3.1144052641296014,3.7295056577726435,Construction,0,1
5,600,572164.5172022516,2.536935479114126,2.736809600675972,Professional Services,0,0
12,401,1588863.6508480264,1.735594221252488,1.29823195120611,Construction,0,0
17,724,1168031.223988675,2.7607838922372587,1.5430956441569823,Logistics & Transport,0,0
13,691,1334708.8867731376,1.1110014133180546,2.246839930701468,Construction,0,0
3,513,541999.1371868427,1.4826564955403971,3.18105788208354,Professional Services,0,1
9,387,479439.3376857645,2.1400557652978662,1.3401319502273064,Construction,0,1
17,700,1002330.5265167304,2.2262281618584447,2.360951547923349,Retail,0,1
17,345,1488253.2107310123,0.5664244264178884,1.447937474947966,Logistics & Transport,0,0
16,762,1074217.5271643123,3.335342566268026,3.281500678076918,Construction,1,1
13,609,113659.07121405378,2.5898818136521697,1.9202395656950066,Professional Services,0,1
19,385,1743675.437324563,1.9871112506956732,0.39921902472625237,Construction,0,0
17,391,176139.44235450658,3.299381703224925,0.7476048337779918,Professional Services,0,0
4,541,1913857.743255467,1.8172866957524856,0.33830820371656595,Retail,0,1
12,301,99026.81864068181,3.4413067108111153,2.047281489455868,Construction,0,1
9,524,1404178.3894548821,2.0368542717304554,0.514715459658086,Logistics & Transport,1,1
19,415,210303.77423797423,0.8428573099939384,0.5451458803075652,Logistics & Transport,0,0
12,402,1825819.3298985222,2.7944029173778318,3.7700882141496703,Professional Services,1,1
9,493,955644.8106398084,2.5366931752335216,3.503354781486616,Professional Services,1,1
7,465,318171.36089318,2.8189601639167603,1.8631377275643273,Logistics & Transport,0,1
14,389,714590.6145902008,3.354326086177043,3.9446407513158026,Logistics & Transport,0,1
19,421,371408.11692618596,2.8294679079530543,0.10072745986558615,Logistics & Transport,0,0
15,442,382634.7275363255,2.3340098066499406,2.4945198794662358,Professional Services,0,0
16,405,1898811.2243343124,3.0719267070825227,2.504069891750293,Logistics & Transport,1,1
5,727,918229.9189553369,2.5197393180635945,1.884027917892564,Construction,0,1
3,604,1588164.4146154511,1.7243571704777692,1.648097094443742,Construction,1,1
12,616,1297230.8442964796,3.15685929272532,1.8759942283743698,Professional Services,0,0
4,308,1369031.406559865,1.1657013823531186,1.7183457007107539,Construction,1,1
16,372,306802.2050204751,2.6439238247261727,2.9489206621809676,Construction,1,1
7,658,506659.67129019706,3.144690364822271,0.6278861963958078,Logistics & Transport,0,0
13,522,1584163.153551152,2.693949559109889,0.8707929603054075,Construction,0,0
10,715,1942994.1026258268,2.591826257161571,0.804021090730452,Professional Services,0,0
7,669,562217.5030673709,2.757914882215508,1.1236352819729318,Retail,0,1
14,563,579559.0912645278,1.895165744901933,2.148507833248175,Logistics & Transport,1,1
5,617,972149.4089812645,3.122512046471078,0.533714114619053,Logistics & Transport,0,1
3,383,1968488.6100681038,1.1103094254082735,3.485860251773366,Logistics & Transport,0,1
11,617,574469.9443616186,0.8821592480010179,1.259709972103042,Logistics & Transport,0,1
11,410,843595.2237868146,1.3565263403555345,0.7338981511279605,Professional Services,0,1
18,550,1788386.0304658383,2.0947321903249794,2.734923107433149,Logistics & Transport,0,0
15,682,55696.013611655915,2.0316853862280144,0.2485365723373452,Construction,0,0
12,306,127543.63172771061,2.96179627302976,2.5178774030092406,Logistics & Transport,0,0
9,758,1227939.7702888774,1.7137059692120522,2.822973879638349,Logistics & Transport,0,1
10,383,1819391.3211900517,1.953033278874526,0.9381744724082047,Construction,0,1
12,507,515770.4877837589,0.5401030497781869,0.2636598864301737,Logistics & Transport,0,1
17,689,965801.4606273825,1.7292177093288172,1.5182168997858536,Logistics & Transport,0,0
6,613,928407.3382327456,2.443322698851026,0.48451749794355226,Professional Services,0,0
7,321,972294.1248862449,0.5465249918797765,0.5542636137260146,Construction,0,1
14,709,1263913.4066730032,1.3426458955587313,1.0916188026349718,Logistics & Transport,0,0
13,814,966000.3378318334,1.1238690778681697,1.2523249060443613,Retail,0,0
8,426,922562.8755787928,0.6259562867287647,2.1668843299835405,Construction,0,1
10,313,974862.419840958,1.9377802697436124,2.745728353461751,Professional Services,1,1
9,311,1202191.510478531,1.0451698796844695,2.411806669393721,Logistics & Transport,0,1
18,386,1097164.6022851488,2.7292446188941404,0.6786053154291155,Logistics & Transport,1,1
2,823,1715565.1954184833,3.0437836512900454,0.7711355265652431,Logistics & Transport,0,1
5,836,146518.86431264988,2.1367555480074434,3.5272000741923666,Logistics & Transport,0,1
5,600,1674968.2893723743,3.445122027563425,2.2775740287500432,Construction,0,1
6,542,1695652.9945928617,1.8514357144117861,3.492757548300987,Retail,0,1
19,421,605570.6419853737,2.0401046306747466,1.54903139414751,Construction,0,0
8,446,952561.3122809087,3.4676532618732505,2.496160028982163,Logistics & Transport,0,1
16,655,905150.0526479993,1.1946453078951464,2.142287322612982,Construction,0,0
13,608,476094.1769905541,3.327637819030716,1.344581610299804,Logistics & Transport,0,0
1,587,823753.8518183171,0.6285126653573397,1.932669950931022,Construction,0,1
17,606,136556.15573316615,1.8391606707895845,2.0597144196250348,Construction,0,1
7,848,591753.0419243821,0.7100105363991973,0.8830068015510465,Professional Services,0,0
13,651,1642530.2421289003,2.687704228740929,1.3285404522692532,Retail,0,0
4,611,604896.4884376503,2.3252268076400533,3.1864980269772047,Logistics & Transport,0,1
4,358,1645503.0040590828,2.619902790402789,3.6715741338710957,Construction,0,1
6,334,1086618.9559786401,1.6234411999040508,1.5031969648266679,Retail,0,1
19,744,1765732.220854262,1.608445802094141,1.2971919006151709,Professional Services,0,0
12,392,1170820.1308156096,0.6359578368826838,0.8612689418303417,Construction,1,1
7,506,107853.03497624265,1.5498348185889195,2.7461155577372667,Retail,0,1
10,652,1367069.404716824,3.2878652067861784,1.3600888364987154,Logistics & Transport,0,1
19,631,137464.45764595887,1.6376796115413468,3.9522232024868353,Retail,0,1
7,458,928664.1870171112,2.99410311866591,1.3701707280494178,Logistics & Transport,0,1
3,323,1862382.0542225724,3.026976514249802,1.6371305824522497,Construction,0,1
13,703,372147.6817088078,1.6197234691377016,2.4530033652269356,Professional Services,0,0
13,815,810251.088236011,2.3959660411885673,3.2265687434460895,Logistics & Transport,0,0
18,663,1473227.602254533,0.7861148068191759,1.9311227948479714,Construction,0,0
8,681,1770404.1843849528,0.8110357422028295,1.7483585317769375,Logistics & Transport,0,1
9,831,1358338.8592478903,0.6459729909851399,3.982987551019752,Retail,0,1
7,451,553437.84567278,2.2430452801253287,0.14092520044578333,Professional Services,0,1
1,719,1365485.3131866215,1.778212932878291,3.5907546265198587,Professional Services,0,1
3,549,628618.9001529755,2.1440970699927204,0.681649221164976,Construction,0,1
13,416,1450936.9981465337,2.0632195715251633,3.1651085772147622,Professional Services,0,0
17,811,1910364.598790829,1.5506089732721908,2.509933083400562,Logistics & Transport,0,0
1,634,1456717.229657262,2.5324202444704187,1.4332044134425592,Construction,0,1
6,717,1732616.980679204,2.775505642749172,3.5081123265319714,Professional Services,0,0
6,594,54102.494192972656,0.5438847766330271,0.15033818912586872,Logistics & Transport,1,1
12,670,1449265.643226609,1.121726899306635,0.9840935430922023,Logistics & Transport,0,1
13,485,1667695.735887238,2.6397076042500105,2.3108819053731904,Logistics & Transport,1,1
13,545,129089.53821212877,1.6598605179015027,1.4710148141938224,Logistics & Transport,0,1
15,567,1749615.5682120495,2.4874518408248245,2.480472231741478,Professional Services,0,0
16,536,550553.7452045893,1.5408879792036752,0.19402975429380062,Construction,0,0
11,829,1347319.5988572077,1.6722654569889113,0.5541898288786788,Professional Services,0,0
5,320,1610692.0140956428,0.9760366210690548,0.595675336851913,Logistics & Transport,0,1
4,819,1342195.8004657433,1.27469305899848,0.8382062190724368,Logistics & Transport,0,0
3,399,229955.3445428516,2.3162352725227615,1.8913926191221169,Logistics & Transport,0,1
19,777,1212826.9617777183,1.7994893339454991,3.033301928219928,Professional Services,1,0
18,597,1121688.13060818,2.8229080488337854,3.631601467922714,Construction,0,1
15,825,1805626.4727448295,3.057754864815028,3.3579528681085598,Retail,0,0
9,633,838267.472806208,2.1249392546502794,0.8678626999251658,Construction,0,1
17,301,676108.1393197478,2.774801876168177,1.8204871536994662,Construction,0,0
14,674,1512208.9906511093,1.42071353958371,0.8777052312582865,Construction,0,0
15,592,854716.8858626235,1.7449136462002346,1.131440085002044,Retail,0,1
1,617,1309887.541259873,2.638333028650493,2.063833227896356,Professional Services,1,1
3,801,1310577.6757429836,1.658635978451092,0.36562519642173785,Logistics & Transport,0,1
16,680,1781676.1755022297,2.2655148054769665,0.9508798854137654,Construction,0,1
11,313,1217450.18452224,1.0561183372475345,3.7479748290977573,Construction,0,1
12,803,1029199.5394258744,2.2993139449114937,1.917853541368107,Professional Services,1,1
10,530,320799.08647320815,3.084541121680681,1.8370074513137016,Logistics & Transport,0,0
16,383,275688.3330234755,3.1059189194702768,0.1568119035299877,Professional Services,0,0
8,429,350927.0523020048,2.673033218988619,1.0648590135275486,Retail,0,1
6,444,385104.5385878343,2.737260137228378,3.478540500330507,Logistics & Transport,0,1
12,327,1293860.3306940862,2.173782335452102,0.7420508702088081,Professional Services,0,0
8,365,1494913.438035428,2.2540042704974743,1.7189872641854123,Logistics & Transport,0,1
4,462,1083483.4697065165,0.900951744231554,0.1558905328813049,Logistics & Transport,1,1
8,528,1666584.5784637076,1.8315775652639035,1.965508378515168,Logistics & Transport,1,1
18,560,1982963.2921305848,1.8523288516590914,0.18198231623224692,Logistics & Transport,0,0
5,748,1649024.6267827442,3.3754935070032204,3.2964772569566194,Professional Services,0,1
9,723,1405020.6286681204,1.7932605878698684,3.316929693199704,Logistics & Transport,0,1
4,759,1088360.763902436,2.148027934708273,3.1721945343792424,Logistics & Transport,1,1
17,600,925263.4897656811,2.0997541978373073,1.205119868675361,Logistics & Transport,0,0
9,602,214565.14206185756,2.4102851511329817,3.3652251510650903,Logistics & Transport,0,1
1,586,828769.0593696473,2.7446984939956875,2.2176927171605505,Logistics & Transport,0,1
13,694,1824762.5417251617,1.1751256285126164,1.5578516245813097,Construction,0,1
16,309,1625644.1283177782,2.0861732572953073,2.5387868428465086,Logistics & Transport,0,1
13,569,471300.16177279,2.9777531219480915,0.14813007963545863,Professional Services,0,0
14,660,959885.1801595709,1.8893441415125345,0.6575474226429334,Professional Services,0,0
3,556,1642610.2449891618,1.335372639120719,2.994944798864025,Logistics & Transport,1,1
6,432,181399.88183176893,2.4641272260688973,1.0522302739929967,Professional Services,0,1
18,575,805415.5420538856,2.971302187397369,2.4322355575821235,Logistics & Transport,0,0
19,812,1711090.411904198,0.689420878782174,1.6019001510098156,Logistics & Transport,0,0
5,612,837600.8351317412,2.8303714502216812,3.4337425373171198,Logistics & Transport,0,1
15,583,201348.55722630967,2.9649437988853133,3.81441969338691,Logistics & Transport,0,0
2,420,1107942.0186378902,1.8845687827658204,3.5459024406437427,Construction,0,1
10,406,1730397.865090676,3.4499169704554022,1.155417979305027,Professional Services,0,0
18,503,1201056.8087586614,2.8601250221219274,0.8572351892797208,Logistics & Transport,1,1
13,464,491244.261017752,2.8209876946869974,1.9502960851208666,Professional Services,0,1
5,604,799267.2592678936,2.7435157232362153,0.1286031882611031,Logistics & Transport,0,1
1,796,927740.5543047677,0.951824309654822,0.20065663216640878,Professional Services,0,1
1,455,1179569.3899500272,1.1516926593590324,2.2578334945297005,Logistics & Transport,0,1
18,666,1530734.5002175954,1.891970394393275,2.1297526762446153,Logistics & Transport,0,0
15,550,242803.55439923904,1.2920130498783977,3.978869757237514,Logistics & Transport,1,1
17,633,1784821.4643842543,1.7457229170021213,0.8871831579186565,Logistics & Transport,0,0
11,810,74003.9208813474,3.1653923297687623,1.1066053237258269,Construction,0,1
17,592,771602.0526147977,2.9729806756378077,0.5428085050725181,Professional Services,1,1
13,319,103469.60444668242,2.3901196354399468,3.678417737649604,Logistics & Transport,0,1
1,581,816299.739423318,3.074361182753311,3.133463853387958,Professional Services,0,1
2,300,1075334.5678029815,2.8513171670517474,3.3071225346817053,Construction,0,1
9,418,1047778.7038339479,1.7869547955226714,3.620778773061584,Professional Services,0,1
3,334,372975.27670511743,1.1031954561498354,2.1471099482307694,Logistics & Transport,0,1
1,497,1309193.994686444,2.0426031200280175,1.8596534466578223,Construction,0,1
16,784,137317.97848410305,2.70868664758565,1.3885267472959044,Retail,0,0
6,358,1535718.29925821,1.8092587961887792,2.3979369959566363,Construction,0,1
17,460,1895956.6462874152,2.5003157293516916,1.871685747480308,Logistics & Transport,0,1
5,505,712549.2129446799,0.7829822788731309,1.861105787761743,Logistics & Transport,0,1
5,311,1058616.7943429472,2.7440142091142103,3.7540186685514416,Logistics & Transport,0,1
6,789,788875.042214688,2.9381408596791863,3.9377229056886076,Construction,1,1
3,575,63085.26109291691,2.6205135673416233,3.206289118385365,Professional Services,0,1
5,541,802455.2806454761,3.401790762579097,3.0513565519630204,Logistics & Transport,0,1
5,515,1593854.5055596256,2.9799561723819212,2.7541768309384955,Construction,0,1
10,550,1212178.2422577895,3.209281183629615,0.7476919241007034,Construction,0,1
10,425,247456.8334995599,3.300713250372944,0.3305127014150526,Construction,1,1
19,516,1701922.0049028809,2.9040439756214256,2.793832628941726,Construction,0,1
17,605,1085616.4225262236,2.522776526019497,2.9422662668006465,Professional Services,0,0
14,484,1691360.5554021185,0.5171557440823679,0.2831946652827452,Logistics & Transport,0,0
9,338,1181431.9616308073,1.897477259669374,3.7194018258925077,Professional Services,0,1
14,522,1141392.4674339828,2.2134868958670832,0.45544849383424235,Logistics & Transport,0,0
1,483,255255.41113417415,1.4120908173439988,1.2150120817076895,Logistics & Transport,0,1
19,794,376351.4796203245,1.4543133407104163,2.7223202699149476,Logistics & Transport,0,0
13,726,1945449.2501683526,3.3834782471304954,0.7625031181774576,Logistics & Transport,0,0
13,477,495549.156171803,3.175132595608238,0.3161219649247533,Logistics & Transport,0,0
4,727,1956031.6300812175,3.0475370165051126,1.3914713077401843,Logistics & Transport,0,0
1,593,1087229.7777223135,1.7180354051183317,3.0872891419351984,Professional Services,0,1
17,450,314788.6417746774,0.5410956512267436,1.7133468480425154,Logistics & Transport,1,1
8,683,243639.29536970126,0.7406667393671422,2.6465943954409634,Professional Services,0,1
2,607,457284.93787619297,1.436589104652811,2.360514479189733,Logistics & Transport,0,1
8,635,1854992.7935494047,0.547228738987031,0.18665207989976362,Retail,0,1
7,674,857592.9374400423,0.5514493457455943,3.955305949478256,Professional Services,0,0
2,307,821096.822586183,3.249809904927233,0.26156954639561225,Logistics & Transport,1,1
3,640,660752.2090868393,2.618475506357162,3.8744306768290917,Professional Services,0,1
18,428,336770.60860484734,1.426867970204458,2.244470295621153,Construction,0,1
12,651,1001309.8345251925,0.8979337328028595,3.8563202055537595,Professional Services,0,1
1,657,303593.17589672044,2.0349071536852312,0.5475390377139583,Construction,0,1
12,816,1679186.4609455387,0.5160384825630934,2.0125932248235014,Construction,0,0
5,794,772274.1232368477,3.315241231574432,0.7610659582776287,Professional Services,0,0
17,385,780866.9571745029,1.7444453581668418,0.2988020203875254,Construction,0,1
16,474,974312.535542154,1.7070048657119983,2.508363548743015,Logistics & Transport,0,0
15,492,916049.0406732156,1.6717808227453466,0.9103553417505966,Professional Services,0,0
15,610,1989973.0474656771,0.7079849911632943,2.3920183713214294,Logistics & Transport,0,0
5,418,1113493.18637569,2.41496671937548,0.5382214796010439,Construction,0,1
14,517,221993.32239024783,2.6990108588850603,1.3947472385875408,Logistics & Transport,0,0
2,726,1233410.8160750135,2.528376192764871,3.148366976407664,Construction,0,1
11,713,345589.3710962659,0.9153064799881829,1.8045009351845318,Retail,0,0
19,413,110328.40722611685,2.2365205041067777,2.548207118099612,Logistics & Transport,0,0
7,444,1942947.1996706338,2.2084534525167614,2.625085968907629,Logistics & Transport,0,1
6,837,1558400.8384923995,3.105232363824146,3.390644671550445,Construction,1,1
2,602,1961212.5352068455,1.637382975126941,1.3671988981859011,Professional Services,1,1
6,644,981862.9736433728,1.6144578309783026,2.7804526940718186,Construction,0,1
18,300,1087902.1857405035,2.3555811761545566,3.850301647480046,Logistics & Transport,0,1
2,446,378257.06404230394,2.399217960498539,2.9479490039956855,Retail,0,1
18,586,531469.4820017919,1.907855681977371,2.010494859199204,Construction,0,0
15,352,1685170.969060515,1.8291780869912633,2.559798033518524,Logistics & Transport,0,1
19,603,744562.0118793086,1.982443011913648,2.984763301276122,Logistics & Transport,0,0
2,368,1662289.198903017,3.0831358985099357,2.4878754862061023,Construction,1,1
6,660,1432576.762359712,1.88350070376173,0.16503567261037272,Logistics & Transport,0,1
1,519,395483.30428013776,3.319795375909467,0.8596166409801808,Logistics & Transport,0,1
15,460,1039520.4139334972,2.012011290788978,3.2608260471403177,Professional Services,0,1
10,388,1370905.2769614977,3.347602079542674,1.1633375245186903,Logistics & Transport,0,1
19,458,508322.56886745896,2.998495705607227,2.9530922662884223,Professional Services,0,0
17,788,1669842.5955141499,1.5872939678474873,1.551268839442625,Logistics & Transport,0,0
5,623,1112413.9322131143,3.090924263889848,2.1353488798159783,Professional Services,0,1
4,680,372221.99836307624,0.8301898526033457,0.3650958692956744,Professional Services,0,1
10,401,1186819.6310209748,3.2751415260290435,0.8067796880938672,Logistics & Transport,0,0
17,793,1999441.9181040323,2.394930545248675,3.8330681577250147,Construction,0,0
10,318,343516.9087436564,0.6631722455669335,3.5715384084429647,Logistics & Transport,0,1
17,753,1642676.01373308,2.4327701709524345,2.6438729325062957,Professional Services,0,0
5,781,454252.556215738,3.4227429624342682,1.8926139298043758,Professional Services,0,0
2,696,1575657.2424471702,0.7094019638438868,2.7354690422913728,Construction,1,1
6,578,1482426.950086756,2.164063129340259,2.512580127466362,Construction,0,1
2,664,635954.3019208431,2.7433830492781173,2.3173537968579874,Logistics & Transport,1,1
13,630,685355.0792506771,2.930775760098594,0.3307905802678131,Professional Services,1,1
11,643,1595416.7143276923,1.7414823959623875,2.567930181579877,Logistics & Transport,0,0
11,754,949818.7481802596,1.112499677504729,3.0987881738275567,Logistics & Transport,0,0
16,364,1475095.155988027,0.6270268363171515,3.9769184531177446,Construction,1,1
11,375,338569.0873633778,2.239178471291674,0.14320635511780774,Logistics & Transport,0,1
19,442,1712487.6747080293,1.8587332108028325,2.9476764679116387,Professional Services,0,0
15,772,1436225.1975305222,3.346233185449133,2.329978332150324,Logistics & Transport,1,1
16,716,1818538.477227926,0.6818147231447294,1.7928034867157312,Construction,0,0
11,604,308126.1391181963,2.5561860303380173,0.5975236808283464,Logistics & Transport,0,0
16,796,1206378.2757031654,0.5748986663601715,1.6954320796760174,Logistics & Transport,0,0
8,590,1218285.1408286341,1.0143025301316282,1.4820710136459276,Construction,0,1
4,401,739248.4440662258,1.8607369997685024,1.2810365670170947,Retail,0,1
8,566,944009.5279100527,1.8646173284086047,2.95043053095661,Professional Services,0,1
4,302,124064.04841521427,2.5571016288009316,2.832829533008629,Logistics & Transport,0,1
3,384,1504427.0753226734,3.23063910460327,2.397178354825555,Logistics & Transport,0,1
3,627,1121178.8348361894,2.4170964767447627,3.7607927718441516,Professional Services,0,1
18,749,162595.05114488886,3.3606052935545265,1.4644320983053325,Construction,0,0
19,753,1377473.9912729468,3.1448469196339928,1.0508275570697003,Logistics & Transport,0,0
19,520,960225.0506008165,2.2534993865923707,2.6580229210837585,Professional Services,0,0
5,453,117199.45587875,3.0013758527564818,0.8753748376558714,Professional Services,0,1
18,311,1940735.067353786,2.427732830970902,1.328540978015356,Retail,0,0
10,432,1900768.679024409,0.7356734927711814,0.9759495162920508,Retail,1,1
6,603,1050159.7114870353,2.7216941697785297,0.36969891410215483,Professional Services,0,0
1,592,232661.2203765249,0.7847253238020386,3.327245092379126,Logistics & Transport,0,1
5,599,1521511.382117254,2.2822483417091375,1.0927081173944786,Logistics & Transport,0,1
9,342,1009265.6452061717,2.6079206175746865,1.9448072630377806,Construction,0,1
12,642,639772.5826642908,0.6995828246325657,0.2689295656918166,Construction,0,0
14,625,1008265.4461806857,1.1923839617795953,2.8274239183853083,Construction,0,1
2,797,1068766.0835406557,3.2470166967849496,1.3891879089945343,Logistics & Transport,0,1
17,663,1147287.8130935614,2.348943476698689,3.004473238533919,Construction,0,1
14,726,910386.2416278868,1.2388580564315947,1.7083719358246778,Construction,0,0
13,320,1231222.8411211604,2.57203931344402,0.863446864981936,Logistics & Transport,0,0
9,706,1841532.6856824358,2.290329259885069,2.10138282089994,Logistics & Transport,0,1
15,635,756422.7698422527,2.004727099753845,0.6089677825860151,Construction,1,1
15,416,1465147.1032789007,3.428560924964251,1.8181027235046796,Professional Services,0,0
11,423,1794182.4858072528,2.5503613322225265,1.3374913619398976,Logistics & Transport,0,1
16,698,939159.587731877,1.626323329003738,3.6566423783785695,Construction,0,0
17,350,914738.880944713,2.900220296230604,0.33762201471080777,Professional Services,1,0
4,623,1224128.1214418202,3.153749878763563,2.806667915012394,Construction,0,1
1,440,1203243.1808738518,0.8756616785504943,0.812729547351,Logistics & Transport,1,1
8,769,1622849.2175362401,1.1016589335357994,1.3442757898957354,Construction,0,1
17,633,979142.5983676708,1.148681027383339,1.7205048459420573,Logistics & Transport,0,0
3,672,1992439.7517969103,2.573635428159621,3.6412588485623996,Retail,0,1
15,793,165969.5592911975,2.30911866515985,1.0460552376879182,Logistics & Transport,0,0
15,838,56177.304732368386,2.3569746940957645,0.4561043299242139,Construction,0,0
14,455,1298386.7075412665,3.322319899068503,1.3428894555630422,Logistics & Transport,0,1
14,590,631948.0791056595,2.8277345984219178,0.5082362850885801,Construction,0,0
2,443,518745.65796399344,0.8838107735353495,0.6015262952461548,Construction,1,1
13,405,658203.2060083469,1.542521247275543,2.3380173321026043,Logistics & Transport,0,1
14,719,549292.7519546609,1.806180938527207,0.33751753908802395,Construction,1,1
19,301,110040.59683787331,1.6878847662428147,0.22063043743490754,Logistics & Transport,0,0
7,389,1944489.432661648,2.5079258274856375,2.8862149957349414,Logistics & Transport,0,1
3,644,480453.7024829244,3.175679309769688,1.5104236698800737,Construction,1,1
15,649,1481358.0370491473,1.418154390568364,0.5889638620121058,Logistics & Transport,0,1
14,758,1537062.9696536418,2.155631409263557,1.0890898063528622,Professional Services,0,0
11,562,1862051.926114097,2.8682282657407567,2.604137378674356,Construction,0,1
15,650,109571.44133209094,1.7486541765360482,1.1745926118493197,Construction,0,1
13,407,1750494.259971665,1.0043543851978876,2.0286323879695907,Logistics & Transport,0,1
18,338,1078091.0526376106,1.9248528957912447,0.5746116962340219,Construction,0,1
6,458,1283461.0144333644,0.6656675622290854,2.393565186661243,Professional Services,0,1
3,611,1306717.0403860155,3.3271503620068303,1.33270296698873,Logistics & Transport,1,1
19,540,1648605.7197202188,0.7244636155849191,2.5451768946619944,Professional Services,0,0
15,744,700144.2782102654,1.8153701457517344,3.2527400409856893,Logistics & Transport,1,1
5,597,1479449.8202269871,2.0896437832655783,2.4854210356209703,Professional Services,0,1
10,335,1080727.3139582844,3.4559114968618565,1.2534154941205806,Logistics & Transport,0,0
7,383,1597118.327895428,0.9980654709285823,1.0974004360383716,Professional Services,0,1
17,751,1981564.76390176,0.8432945558370757,1.3769417390604473,Construction,0,0
7,684,441269.4839373344,0.5261184411876307,0.7420200016223688,Logistics & Transport,1,1
12,471,1989564.851041996,0.9667143106079069,0.8065702183150782,Logistics & Transport,0,1
17,675,225133.70085140932,1.121818937203003,3.183695297410655,Construction,0,1
13,661,54519.21841438704,2.3917428247492767,1.6004570483790355,Retail,0,0
4,440,136115.77554677095,1.1591203711742013,1.800381204225285,Logistics & Transport,0,1
10,417,716475.6892366853,0.5615624441879756,2.4167929157105634,Logistics & Transport,1,1
3,576,1284167.3448229467,2.979855036507466,2.399648631091036,Construction,1,1
9,519,184607.60473130678,1.5967871030119003,0.3627697989355103,Construction,0,1
13,325,61048.338332656174,1.561090059742202,3.343009066716896,Construction,0,1
18,820,1877327.5054946498,1.4074370875037796,0.7915735575733637,Construction,0,0
15,309,1652756.9400828627,3.4261198314392627,2.9199793805937087,Logistics & Transport,0,1
4,677,1627907.1837211105,1.0103462519278446,3.11341685369985,Retail,1,1
15,451,1774627.3372288554,3.1947141918597053,2.8881081829561235,Construction,0,1
2,348,1415066.8319056036,2.8304099964196636,2.358012821561166,Logistics & Transport,0,1
15,453,253588.0530087588,0.7294398664979392,0.15697508872464316,Professional Services,0,0
8,592,828245.36674376,3.460187304502546,1.5054644202163656,Construction,1,1
8,349,1460141.4986060276,1.3140978906170315,2.4588737745140667,Logistics & Transport,0,1
17,830,596652.1985434658,0.795748781067237,1.611060054097901,Construction,0,0
12,359,1390442.4100656633,2.9879427023772784,3.467571590159971,Logistics & Transport,0,1
19,466,97771.97412192207,2.6200266010330995,1.3043288738635,Construction,0,0
10,501,646967.8147152067,2.3516564176337025,1.2447856905887758,Professional Services,0,0
9,445,1120804.1557404867,0.9679425910967995,1.137391003061366,Logistics & Transport,0,1
5,738,1282575.1675371723,1.9354883487678856,1.3978453889471025,Logistics & Transport,0,1
6,541,1175229.295700726,2.8416680806616412,2.27387936082533,Professional Services,0,1
2,782,1410624.7383431876,1.4108718144315207,2.8573596476631042,Retail,0,1
13,407,61873.05906768619,1.4350694855451245,2.684014879181262,Construction,0,1
6,525,246835.3399561669,0.5094227181443663,3.2500994979277706,Construction,0,1
5,731,1744441.291944333,1.0227302049361386,3.555064582439957,Construction,0,1
1,718,1379409.8559758144,3.126216875365503,3.2827082651390698,Retail,0,1
6,754,270216.70323772205,1.825239474913121,0.17388707315998286,Professional Services,0,1
6,459,1692045.1529272294,3.4527034977033018,2.970080018852756,Logistics & Transport,1,1
16,822,522350.8747579055,1.6871238907213777,0.9127583371114932,Construction,0,0
4,376,982606.7741806858,2.645559364340724,0.6184193665611323,Construction,0,1
11,808,333133.2001250876,1.3457571287141874,2.5901062607166283,Professional Services,0,0
9,740,1434714.610022328,1.5914289234228005,1.3469984620900102,Construction,0,1
3,553,1350366.1209778222,1.072177962772684,0.3227569371447287,Construction,0,1
19,619,461669.3187739656,1.541187105498185,0.6367559641536092,Retail,0,0
8,562,1733631.4953711536,2.1417125612619294,0.10362472579284815,Logistics & Transport,0,0
5,673,832546.7472284387,3.475318642937748,3.6225721466443583,Logistics & Transport,0,1
4,466,620404.4275879465,2.4926051392153568,0.1960101369808305,Construction,0,1
6,758,347042.6994558441,1.0977378632249422,0.9168775010870931,Logistics & Transport,0,1
2,579,569027.624405298,0.6348843247746534,1.7234248446828386,Logistics & Transport,0,1
11,601,92952.49638644315,0.8790694439435318,1.4906281712081946,Logistics & Transport,0,0
4,830,1187352.1102894254,2.187665603819142,3.6557309199598254,Construction,0,1
15,517,1692349.9553706984,2.7954809864502987,0.25712688836471426,Professional Services,0,0
6,401,1120511.8764112014,3.321257621902241,2.097637359940501,Construction,1,1
17,587,477584.2257515576,0.5474695159904625,2.7538699038450587,Construction,0,1
6,466,115654.8975170518,2.0682804246856095,3.7336220973565584,Logistics & Transport,0,1
19,335,468524.74285466556,1.9126020686695302,2.519447883282512,Professional Services,0,0
2,652,861436.78473863,2.4681650659271117,3.2346454204458746,Professional Services,1,1
15,372,1531242.285964603,2.1787365633960256,0.4265272575968587,Construction,0,0
11,652,416293.5624486595,2.5611174517474415,1.6051640926540167,Logistics & Transport,0,0
8,369,1453593.3340416378,2.474247754247571,1.5583938244683633,Logistics & Transport,1,1
19,724,1740520.263286173,0.8510351745738386,3.5565240441772987,Logistics & Transport,1,1
13,816,935196.3538112963,2.8991537408561587,0.6903475679267722,Construction,0,0
12,727,1651792.383703057,0.8696977271489745,0.692356072112858,Professional Services,0,0
5,838,1131581.8286684365,2.5955918756274112,1.381376784554614,Professional Services,0,0
6,459,1292327.1323077646,1.7484361029218203,0.31241758473066655,Construction,0,1
4,448,1076242.997659495,2.0415522037297937,0.8115863585447112,Professional Services,0,1
19,529,953186.7976651164,3.2098940431271314,3.8643175903283673,Retail,0,0
1,366,507574.2114629062,3.16965117942046,1.7699173654819742,Logistics & Transport,0,1
17,680,641228.4159490397,2.9535689169650885,2.564874912847502,Logistics & Transport,0,0
12,357,615441.7319400376,2.0304451413689697,2.931833911444084,Retail,0,1
15,558,1148413.4153599388,2.708719430401499,1.531149487328082,Logistics & Transport,0,0
1,641,283909.7013965853,2.0386911665564282,0.6741855902010161,Retail,0,1
14,429,1837743.7968695534,3.1088182474243324,0.9056659632649452,Retail,0,0
6,471,1455277.5333020708,1.7083274996986997,1.3217392586643804,Construction,1,1
5,508,832818.9802807276,3.4107060332446304,2.5806668393736802,Professional Services,0,0
11,653,359317.08182643703,3.2969682746866327,1.6532941414473123,Professional Services,0,1
4,770,1769884.7309571898,2.7248078583553568,0.12657732181049966,Construction,1,1
13,415,1656367.275697272,1.3382476525282159,2.1412880217631405,Logistics & Transport,0,1
11,563,1457357.0277984997,0.8949607663797752,3.6939022284389296,Logistics & Transport,0,1
3,741,579516.7424519226,3.0641103502795923,3.267102682933848,Logistics & Transport,1,1
1,847,834770.9429956544,0.9959068584138838,3.318324347912561,Construction,0,1
6,752,250359.09228222555,3.062782366992007,3.2007262686639115,Logistics & Transport,0,0
18,776,418627.07321868686,1.9722950201370812,1.3625502198806523,Logistics & Transport,0,0
10,586,1576882.4427676292,1.7196703514243126,3.084255951642129,Logistics & Transport,0,1
5,602,1444325.5017588334,3.209572336503287,0.6583292954636526,Professional Services,0,0
10,610,1207297.2378030727,2.3115529476208336,2.665092974376219,Retail,1,1
12,507,1796667.115556037,2.229842021389153,2.6021174100714783,Retail,0,0
2,745,1187369.7097354385,2.176297833873193,0.1997222164499652,Construction,0,0
13,354,960587.5999290409,1.6135085480585942,3.1730835210046333,Professional Services,0,1
8,311,713722.9552962373,2.8569293105873816,3.622667609871009,Professional Services,0,1
2,699,1883874.5861855366,1.2583953320473191,1.14291958604122,Construction,0,1
1,814,211295.1499724893,3.316684880123825,3.2683238243259884,Construction,0,1
5,841,1865230.3755185765,3.1819556151408825,0.42138329026159793,Logistics & Transport,0,0
9,536,1662093.5868654856,1.5124409770246945,2.4398746472181574,Retail,0,1
17,578,303363.3528446175,2.688391309494991,1.994022774803681,Logistics & Transport,0,0
9,647,1151719.4974667444,2.2196695833487743,2.2291017799051,Construction,0,1
11,403,1739768.5644107193,1.5129479059977038,3.7122002873489457,Construction,0,1
15,816,1165027.8690339497,3.4655649439863403,3.4981294642627287,Logistics & Transport,0,0
6,547,1819039.6520432134,0.5757120375447926,3.1618262632350524,Logistics & Transport,0,1
3,663,1888818.442791283,1.2579380918638599,1.167423984945647,Construction,0,1
17,620,873649.8182593965,2.060222183333451,3.6560926518757575,Logistics & Transport,0,0
5,585,785761.639742331,2.0658590104356915,0.48028000060911347,Professional Services,0,1
12,448,1875826.2502398558,2.266799224836692,3.4279839445792724,Construction,1,1
18,383,1366523.1192418528,2.7550285160687578,1.3798242821790705,Construction,0,1
14,705,276244.2286289301,2.3704334915578893,0.30971201548173516,Construction,0,0
11,755,132468.91098422834,2.300844381584111,2.7104922385389183,Construction,0,0
9,460,1151026.6494446632,0.6605433887391299,1.0019917204322262,Construction,0,1
2,759,1863833.382604928,1.6295908633678948,1.0499273908720645,Construction,0,1
12,849,1696284.969691346,1.196167219103468,1.293583948292209,Professional Services,0,0
3,799,1367903.105605456,1.2961103348059262,0.34837059325981523,Professional Services,0,0
3,808,321275.90533762064,2.1630124230210344,0.7907958623731907,Professional Services,1,1
1,780,545751.1983099564,1.0985159447888253,0.12004454758368518,Logistics & Transport,1,1
8,413,1757246.8917776016,1.3818473030506926,1.8370971323125687,Construction,0,1
8,660,406474.1114809559,1.2112541255520202,0.428595971930088,Retail,0,1
11,640,592956.8460883474,3.3455088296545843,2.762345159672376,Logistics & Transport,0,1
9,748,302721.2698311118,3.3339971965132857,1.0189291196474288,Logistics & Transport,0,0
5,479,1368411.0512581016,2.329824675788155,3.779939161737191,Construction,0,1
14,706,1890765.4954582588,3.2735674061956996,3.497881346854745,Logistics & Transport,0,0
3,495,574487.6616110026,2.8574379364051197,1.2288194903760121,Logistics & Transport,0,1
5,765,977042.8853076438,2.269843648405426,3.154540273161047,Retail,0,1
5,610,1286962.4924368483,0.5193056344903871,3.2326551281927443,Construction,0,1
19,561,1998959.18402048,2.817548858238212,3.9475961450462007,Logistics & Transport,0,0
14,718,254375.72674526562,2.6074650247654065,2.431575948698171,Retail,0,0
4,705,1022213.0590361329,2.345760959847242,0.41966636511028255,Retail,0,1
13,442,800984.2338098751,2.781272935047415,2.6226651928128857,Construction,0,1
10,641,1738349.3221835925,2.038766494324297,2.5374210186665374,Logistics & Transport,0,0
18,615,978137.075472729,2.6122498139640173,2.589567251939684,Professional Services,1,1
8,400,266406.17294103873,3.30551626017948,1.297868027606425,Professional Services,0,1
8,543,1287127.083308838,1.6274150475382587,3.4527503818132983,Construction,0,1
7,789,1553022.2056145656,2.6243655047018764,3.8419415135261064,Professional Services,0,1
8,311,55618.44074794846,1.9270634540328762,0.9490788006147909,Construction,0,1
14,538,1724965.5365702275,2.5231989554419445,0.4437934167329134,Logistics & Transport,0,1
19,341,412744.85001104797,2.7886800066630926,0.8586866293570878,Construction,0,0
6,728,1126535.261074087,0.6363575013073879,3.3001533430973033,Logistics & Transport,0,1
1,457,860805.1263405278,2.4398013318459855,2.738914075797405,Professional Services,0,0
15,515,1453324.9423905343,1.1802235532208338,2.580584635122594,Construction,0,0
1,761,773765.1488321966,2.5100976134227,1.6669932269267556,Logistics & Transport,0,0
17,433,1746038.194529336,1.9049905578014403,2.353529088894599,Construction,0,0
1,366,1474467.903869641,2.8206582255946615,1.300709088570033,Logistics & Transport,0,1
15,306,1313040.683572697,0.8702024456167893,1.961080309730049,Logistics & Transport,0,1
2,825,1602669.161347566,2.3789670549685855,3.192945810645558,Construction,0,0
14,372,1520344.9181103455,1.335412186782657,3.926842230076302,Logistics & Transport,0,1
8,698,120080.41609702901,3.0589459859917745,3.736706802000227,Professional Services,0,1
8,704,819731.9899974149,3.2851505169089226,3.7420771771003705,Logistics & Transport,0,0
19,429,1865074.2297671551,3.4891948810371662,1.6686725659037382,Construction,1,1
7,765,295162.3245348411,2.8880222072818498,1.9282805339764848,Professional Services,0,1
19,505,1487338.2733425,2.7612022112840138,2.851978045839028,Construction,0,0
6,565,1950454.0321038929,1.1465022766026531,3.6965485194000087,Construction,0,1
6,836,151787.32663769467,1.5080211769703262,0.6537776114731301,Retail,0,1
3,552,1380278.0672218904,1.8970476252868385,1.2865432689260634,Logistics & Transport,1,1
7,588,962900.5755370093,2.820143143346749,0.6430626939170271,Logistics & Transport,0,1
19,463,1179391.7479807083,3.2448975952339056,2.4868332668418756,Construction,0,1
8,394,216415.60614443346,1.067417300068954,1.2945738878613964,Logistics & Transport,0,1
10,409,133863.556140532,3.267102454010309,1.3718206247990365,Retail,0,1
15,635,1350389.9880742973,2.586873957062174,0.376572242003119,Logistics & Transport,0,0
15,537,1655453.3881503998,2.3323121920551158,1.4642046410496086,Professional Services,1,1
1,680,1574929.903119286,1.0995238138458185,3.463736378866183,Professional Services,0,1
7,735,1110421.169339163,0.6665750984274517,1.0089839663742564,Logistics & Transport,0,1
4,782,244740.30121554743,2.20539469552382,2.811231118219256,Construction,1,1
6,324,1391686.665480227,2.4545470499866773,2.555550545260511,Logistics & Transport,0,1
1,416,521683.3229305846,1.1323443480640647,3.46758997263955,Construction,0,1
5,781,1826583.970396398,2.169368617476369,0.6159229958390491,Logistics & Transport,0,0
1,691,1684617.4511141246,3.069480208287721,3.9126008453456684,Retail,0,1
4,836,1433296.7858204122,3.0051978363650598,2.372251719557426,Retail,0,1
2,378,1900249.6138707043,3.2820655417588913,3.982349194152576,Logistics & Transport,0,1
10,472,111272.55194698222,1.5976574286706413,3.6549074308768184,Logistics & Transport,0,1
5,311,1485590.828868486,1.454148717652756,0.9639173612411125,Professional Services,0,1
10,427,693973.4197059904,2.748278017942426,0.3190318386229211,Logistics & Transport,0,1
1,391,1816828.4770884123,1.793337215291015,1.09699246580191,Professional Services,0,1
6,842,570016.6334908563,0.7626459920833418,2.1574982310977378,Construction,0,1
13,831,1463470.1736642832,1.348403392011499,0.769225831554241,Logistics & Transport,0,0
15,746,1761411.6883190237,1.7557468565944674,0.7530930036201552,Professional Services,0,0
4,689,131230.79584623073,1.377549276428756,1.904114833710097,Construction,0,1
13,342,825412.7802044704,1.496616712841965,0.22974508756049786,Retail,0,1
15,553,1536502.6124427805,1.3813277185231723,0.5753635218758548,Retail,0,0
8,429,937091.8345397948,0.6244975015492383,1.7218592236909955,Logistics & Transport,0,1
5,359,571142.6280975109,2.411284102473328,0.3462066459110692,Logistics & Transport,0,1
15,766,478620.43020522053,2.291877261060408,1.6473447201765645,Retail,0,0
4,586,306460.62048693694,2.460150495436042,1.9486244371989359,Retail,0,1
12,816,1721402.6417197504,1.0769296881008823,1.8599397948851462,Logistics & Transport,0,0
13,766,1171943.0363405342,1.3869636248374557,3.4897819438720403,Professional Services,0,1
2,644,198950.64273333916,2.358847780834767,2.1672435747017564,Construction,0,1
19,681,796031.6309627391,2.2988827053797642,1.9251238036643692,Logistics & Transport,1,0
19,552,767080.6190699643,2.0189909280628036,1.7017660570274982,Professional Services,0,0
4,355,404391.4218834528,1.5512397500305921,3.288731175387496,Logistics & Transport,0,1
4,762,899239.8696707719,3.2387930143240697,3.590720755599349,Retail,0,1
11,756,697593.762516616,1.5193107268965313,3.4276456298687585,Logistics & Transport,0,1
5,382,716517.2257097559,1.8668574693117548,2.7268316547124245,Construction,0,1
11,398,1491101.7876865193,2.534341492862626,0.6357108092778294,Logistics & Transport,0,0
10,448,485363.6017351328,2.1290642926002925,1.1797928810188478,Construction,0,1
8,628,1301626.919767943,1.5406579290931566,0.279645948359712,Construction,0,0
6,455,1162766.766567823,1.8069343713695294,3.730213892461445,Logistics & Transport,0,1
6,489,1157780.3990588412,2.8834424535605185,2.6771142657945504,Construction,0,1
8,793,1342864.324976463,1.3343874664598374,3.010815248821642,Construction,0,1
15,562,1119344.9705815252,0.9267657193304463,1.315129784370693,Logistics & Transport,0,0
14,379,1764547.47395045,1.4394896054893311,3.3980487368816354,Professional Services,0,0
11,699,1367381.1793030067,3.0486026464637037,1.1124528064630663,Logistics & Transport,0,0
12,559,1116578.3401742068,0.76696914456904,0.10641065273855377,Construction,0,1
13,400,1668038.0845609074,3.4750882201173554,1.5680183538307064,Construction,1,1
8,658,1231985.8016202855,2.1230086967829873,2.3259697757403863,Construction,1,1
18,679,617731.2831810991,3.454537231901282,1.9669489460655378,Logistics & Transport,0,0
1,520,453835.0904443139,3.3169892662579326,3.4620969560487285,Construction,0,1
15,719,347039.18204222363,1.8584411426327503,0.511080615229051,Construction,0,0
8,423,1803937.6644648982,1.0954732238160472,2.2599114184715297,Professional Services,0,1
11,721,1434764.0920062284,0.9946543296954153,2.100619464301539,Professional Services,0,0
12,530,1877887.9544204255,1.2199680916098725,1.1974326304714358,Construction,0,0
12,362,1226419.0211441389,2.630397921693612,3.306689639050341,Logistics & Transport,1,1
4,784,973131.7189150795,1.3188499841944634,3.0361097579406047,Logistics & Transport,0,1
16,782,166447.1534932342,1.524275808812895,2.958150830594141,Logistics & Transport,0,1
4,818,1359702.449014758,1.8463364119838444,3.5171506652512687,Logistics & Transport,0,1
5,454,1185307.0815480507,3.239698041264369,2.9188599424239325,Logistics & Transport,0,1
5,391,1980907.3424958617,1.0681802536545382,1.0041810376874332,Logistics & Transport,0,1
8,825,516359.6166753739,0.5150796578294093,2.8516945754337955,Logistics & Transport,0,1
10,754,1084937.84280933,0.6802892311345105,1.300040972220391,Logistics & Transport,0,0
17,809,1319366.8034802417,3.214299025040354,1.0444811363551352,Logistics & Transport,0,0
9,482,1306952.79074757,2.442549394530089,0.3847140123085465,Logistics & Transport,1,1
19,685,1144522.4087493853,1.3191218579834203,3.001711463355939,Logistics & Transport,0,0
14,704,1565009.6201380896,1.0315775030335734,2.8729037516042637,Construction,0,0
8,545,449713.358577292,1.382800209911343,1.0145479629289655,Construction,0,1
9,770,1464973.040535111,0.8443907817538403,3.0225781652242083,Logistics & Transport,0,1
11,722,1258482.414294524,3.324598730853323,3.679579444064857,Construction,0,1
1,364,1797346.467999418,2.8526185230958006,0.5213129342171591,Logistics & Transport,1,1
14,312,1702029.1561154844,1.887173530737622,1.0072828897084223,Logistics & Transport,0,0
5,512,664536.7263084789,3.094887815345606,3.0260170969405307,Logistics & Transport,1,1
14,541,588662.7837015485,1.2483746128796969,1.1705760266776053,Construction,0,1
4,792,1964223.9815122734,2.651361705416581,2.5361894997064955,Construction,0,1
1,512,1078167.1027847503,3.0683974970412304,0.4165404754084866,Logistics & Transport,1,1
19,637,1817520.879633152,1.570306134869818,1.8635896685038011,Logistics & Transport,0,0
8,472,369567.9963719403,2.772393336352153,2.982456545772517,Professional Services,0,1
15,463,1303496.8838603399,1.3852170477929282,2.777404377868685,Logistics & Transport,0,1
15,764,1629227.365353143,1.3965714057770924,3.2787811926356465,Logistics & Transport,0,0
9,796,1897420.7366935713,0.8211715356625582,3.5220632937523586,Professional Services,0,0
9,694,707813.2749831958,1.8201741395281963,3.115415654909157,Professional Services,1,1
10,607,1463713.2813519023,2.689135719492267,2.7191921974618114,Construction,0,1
9,482,1100685.367627257,3.320662416713855,0.2237177180825215,Construction,0,1
3,809,168226.40582961298,2.311390975787288,2.186370026296832,Logistics & Transport,1,1
11,845,1395499.4877524397,3.089406613207217,0.2470211271679259,Logistics & Transport,0,0
6,526,1395688.2885637947,2.967483947870681,3.251464486752488,Construction,0,1
2,735,1864683.2694507472,1.0200291589258426,1.3508256453938345,Logistics & Transport,0,1
7,721,1019759.2700294962,1.9574522867378943,2.2934745590598915,Construction,0,1
18,320,498989.2953855036,0.8507706065761744,1.1898366985437203,Retail,0,1
2,696,136899.45572492434,2.546459484684905,3.151750563083145,Retail,1,1
17,404,860502.2640375161,3.349699004738228,3.55735985390342,Logistics & Transport,0,1
11,491,638737.5651511286,0.9112683742362695,1.6547057274309496,Construction,0,0
12,316,1534122.1967465573,2.701649392407624,3.4653973346928573,Construction,0,1
19,419,740822.1414400409,2.396714452603583,1.1415925290796964,Professional Services,0,0
7,692,1900688.8328139456,2.2508151110242993,2.185177599994543,Logistics & Transport,0,1
6,724,1926504.8958261793,1.6703607040650177,3.4491695763709456,Logistics & Transport,0,0
1,428,1260771.7509245307,1.5653949432614378,1.3709372362015826,Logistics & Transport,0,1
17,429,1860887.5596790216,0.6357475670566636,3.8207648338045344,Logistics & Transport,0,1
11,328,1533665.9718032666,1.1537261247560404,0.5753300569473961,Logistics & Transport,0,1
18,396,1116376.2999014962,0.5455306468604807,0.1712727719216743,Professional Services,0,0
17,309,401600.4740744173,2.2442513167460616,3.6261278750549435,Construction,0,1
7,541,944265.9898519879,0.8175597076337265,0.3677297979767017,Logistics & Transport,0,1
17,531,1143705.2035571043,3.119058182089148,3.968367864195218,Construction,0,1
9,583,1734725.0824332698,2.069429062091496,3.810447761718514,Logistics & Transport,0,1
17,499,988600.0842445465,2.599069727176125,0.6343815491416506,Professional Services,0,0
8,378,1800465.6117220155,1.7325712755214893,2.196580040201007,Retail,0,1
17,472,1364980.5090957645,2.181739427003146,0.8211891601218628,Retail,0,0
7,766,317148.1729546592,3.3279775308998913,1.7698051748174675,Professional Services,0,0
1,715,1990213.6701839312,0.7482021188710123,0.33955800411334747,Logistics & Transport,0,1
13,748,1078103.6884701296,1.2618133157710885,0.9733058924066991,Logistics & Transport,0,1
19,386,814123.6779977038,2.839964980731633,1.5167639059557083,Construction,0,0
19,400,1335271.8407155767,0.7962116206479976,1.810725250959614,Retail,0,0
17,307,262341.96226302616,0.7269833117123325,3.9122354070146836,Logistics & Transport,1,1
13,499,1291250.361169041,1.5846241962621157,3.250676018167527,Logistics & Transport,1,1
16,804,1021560.2009735823,0.7765038754172969,2.97589878281659,Professional Services,0,0
8,386,843014.4364972371,2.2552353266186094,2.1944611274936996,Logistics & Transport,0,1
19,342,1908389.0412988535,1.1788257524497996,3.375991266356939,Construction,0,1
18,684,1068952.447627504,3.187093889598117,1.4233590590572733,Construction,0,0
1,734,477279.0849663799,2.85050024253577,2.864706539815933,Logistics & Transport,0,1
14,707,944978.7847857324,2.5991156182984287,3.9757575039748714,Logistics & Transport,0,1
19,782,1842805.4389167116,2.350832082153506,1.3270527448472753,Professional Services,0,0
15,316,393386.1690946596,3.09039719102439,2.7286683860474725,Construction,0,1
18,447,467216.22544206196,1.1691861846282707,3.3928279701942916,Retail,1,1
2,576,75407.65712631331,3.119326528292683,3.671649575067622,Logistics & Transport,0,1
17,531,77670.596321746,2.868476895272157,2.899937494666397,Logistics & Transport,0,0
18,665,1667313.6725690993,2.7444824791630564,1.2060709013268314,Professional Services,0,0
6,527,1477639.0833437638,2.183767034224772,1.3725003911188913,Construction,0,1
19,735,742330.0600813186,1.2387324829118003,0.18095632528346042,Logistics & Transport,0,0
4,698,1411706.7565937669,1.7706437479756891,3.067455312918888,Professional Services,0,1
1,510,820651.5563044419,2.8807119636164047,0.26668446364161036,Logistics & Transport,0,1
8,690,1908148.7521957636,0.5953354530719733,3.472144182950708,Logistics & Transport,0,1
7,798,1935752.7287807679,2.8461523077912747,0.5627763964507013,Logistics & Transport,0,0
3,839,815947.8628282195,1.2202122214626994,0.7703183973301045,Logistics & Transport,1,1
10,790,1715732.7173646926,0.9329276021648091,1.9584532362457256,Construction,0,1
